Date (Europe/Athens),Temperature (°C),Humidity (%),Pressure (hPa),Wind Speed (km/h),Wind Gust (km/h),Wind Direction (°),Rain (mm),Solar Radiation (W/m²),UV Index
2024-01-01 00:00,14.0,80.0,1014.0,7.0,11.0,0.0,0.2,0.0,0.0
2024-01-01 00:10,14.111096822682034,79.99703715896766,1014.0222217649776,7.285471393360314,11.416184581001552,8.0,0.2,0.0,0.0
2024-01-01 00:20,14.222107928018936,79.98815009894182,1014.0444407865558,7.569486919169055,11.829480663467075,16.0,0.2,0.0,0.0
2024-01-01 00:30,14.33294766480124,79.97334320841347,1014.0666543216735,7.850598134612737,12.237019796272614,24.0,0.0,0.0,0.0
2024-01-01 00:40,14.443530514039812,79.95262379912643,1014.0888596279473,8.12737140848884,12.635973483980761,32.0,0.0,0.0,0.0
2024-01-01 00:50,14.55377115494846,79.9260021024667,1014.1110539640094,8.398395232541368,13.023572817805624,40.0,0.0,0.0,0.0
2024-01-01 01:00,14.66358453077366,79.89349126441016,1014.1332345898468,8.662287419972207,13.397127693021016,48.0,0.0,0.0,0.0
2024-01-01 01:10,14.772885914420531,79.85510733903095,1014.1553987671385,8.917702154416812,13.754045479434849,56.0,0.0,0.0,0.0
2024-01-01 01:20,14.881590973824489,79.81086928057393,1014.1775437595946,9.163336853435325,14.091849015348686,64.0,0.0,0.0,0.0
2024-01-01 01:30,14.989615837018091,79.76079893409491,1014.1996668332937,9.397938811516237,14.40819380011667,72.0,0.0,0.0,0.0
2024-01-01 01:40,15.096877156842906,79.70492102467337,1014.2217652570199,9.620311588714074,14.700884265980186,80.0,0.0,0.0,0.0
2024-01-01 01:50,15.203292175256452,79.64326314520315,1014.243836302601,9.829321112339924,14.96788901624471,88.0,0.0,0.0,0.0
2024-01-01 02:00,15.30877878718461,79.57585574276676,1014.2658772452446,10.023901460586929,15.207354924039482,96.0,0.0,0.0,0.0
2024-01-01 02:10,15.413255603870223,79.50273210360054,1014.2878853638747,10.20306029859501,15.417619993808518,104.0,0.0,0.0,0.0
2024-01-01 02:20,15.51664201566904,79.42392833665755,1014.3098579414674,10.365883939231587,15.597224896268775,112.0,0.0,0.0,0.0
2024-01-01 02:30,15.618858254244499,79.33948335577685,1014.3317922653869,10.511542002778949,15.744923096777931,120.0,0.0,0.0,0.0
2024-01-01 02:40,15.719825454113423,79.24943886046748,1014.3536856277196,10.639291651764495,15.859689506816563,128.0,0.0,0.0,0.0
2024-01-01 02:50,15.819465713495099,79.15383931531701,1014.3755353256093,10.748481379336724,15.940727598539784,136.0,0.0,0.0,0.0
2024-01-01 03:00,15.917702154416812,79.05273192803462,1014.3973386615901,10.838554331866739,15.987474933020273,144.0,0.0,0.0,0.0
2024-01-01 03:10,16.01445898202946,78.9461666261396,1014.4190929439198,10.909051148830468,15.999607063814373,152.0,0.0,0.0,0.0
2024-01-01 03:20,16.109661543087462,78.83419603230678,1014.4407954869123,10.959612305488495,15.977039788758825,160.0,0.0,0.0,0.0
2024-01-01 03:30,16.20323638354788,78.71687543838115,1014.4624436112686,10.989979946416218,15.919929734369685,168.0,0.0,0.0,0.0
2024-01-01 03:40,16.295111305244266,78.59426277807431,1014.4840346444084,10.999999200533473,15.8286732687875,176.0,0.0,0.0,0.0
2024-01-01 03:50,16.385215421591546,78.46641859835641,1014.5055659207995,10.989618970927227,15.703903750813314,184.0,0.0,0.0,0.0
2024-01-01 04:00,16.47347921227895,78.33340602955772,1014.527034782287,10.958892195439287,15.546487134128409,192.0,0.0,0.0,0.0
2024-01-01 04:10,16.55983457690876,78.19529075419433,1014.5484385784215,10.907975576690077,15.357515957206328,200.0,0.0,0.0,0.0
2024-01-01 04:20,16.644214887539555,78.05214097453376,1014.569774666786,10.83712878291536,15.138301760629803,208.0,0.0,0.0,0.0
2024-01-01 04:30,16.726555040093338,77.90402737891614,1014.5910404133227,10.746713123691467,14.890365984439606,216.0,0.0,0.0,0.0
2024-01-01 04:40,16.80679150458694,77.75102310684792,1014.6122331926579,10.637189707302728,14.615429408691622,224.0,0.0,0.0,0.0
2024-01-01 04:50,16.884862374148923,77.59320371288499,1014.6333503884258,10.509117089148267,14.31540021050918,232.0,0.0,0.0,0.0
2024-01-01 05:00,16.96070741278415,77.43064712932338,1014.6543893935923,10.363148423181002,13.992360720519782,240.0,0.0,0.0,0.0
2024-01-01 05:10,17.034268101849175,77.26343362771571,1014.6753476107759,10.200028130906096,13.648552970592242,248.0,0.0,0.0,0.0
2024-01-01 05:20,17.105487685202643,77.09164577923264,1014.696222452569,10.020588104926633,13.28636313317906,256.0,0.0,0.0,0.0
2024-01-01 05:30,17.174311212995768,76.91536841388853,1014.7170113418572,9.825743466397835,12.908304960261658,264.0,0.0,0.0,0.0
2024-01-01 05:40,17.240685584069197,76.73468857865191,1014.7377117121374,9.616487898026381,12.51700233683928,272.0,0.0,0.0,0.0
2024-01-01 05:50,17.30455958692348,76.54969549446102,1014.7583210078345,9.393888576415826,12.11517107004774,280.0,0.0,0.0,0.0
2024-01-01 06:00,17.365883939231587,76.36048051216599,1014.7788366846173,9.159080729602575,11.705600040299336,288.0,0.0,0.0,0.0
2024-01-01 06:10,17.424611325862934,76.16713706741902,1014.7992562097122,8.913261847538275,11.291131845263067,296.0,0.0,23.990663050934845,0.2180969368266804
2024-01-01 06:20,17.48069643538965,75.96976063453539,1014.8195770622161,8.65768557504438,11.125356928975846,304.0,0.0,47.93565851121195,0.4357787137382904
2024-01-01 06:30,17.534095995046815,75.76844867934743,1014.8397967334076,8.393655318384122,11.540975672650543,312.0,0.0,71.78940572102836,0.6526309611002579
2024-01-01 06:40,17.584768804119825,75.56330061107533,1014.8599127270567,8.122517598057428,11.952839814377427,320.0,0.0,95.50649771681172,0.8682408883346521
2024-01-01 06:50,17.63267576573301,75.3544177332382,1014.8799225597329,7.845655181718831,12.358090841312132,328.0,0.0,119.04178766595653,1.082198069690514
2024-01-01 07:00,17.67777991701502,75.14190319362953,1014.899823761112,7.5644800322394685,12.7539161384481,336.0,0.0,142.35047480638642,1.2940952255126037
2024-01-01 07:10,17.720046457617762,74.92586193338236,1014.9196138742807,7.280426106877258,13.137568509364574,344.0,0.0,165.38818972735027,1.5035289975213662
2024-01-01 07:20,17.75944277656676,74.70640063514846,1014.9392904560405,7.005057955721509,13.506385242941723,352.0,0.0,188.11107882911776,1.7101007166283433
2024-01-01 07:30,17.795938477422347,74.48362767041768,1014.9588510772084,7.2905162233937695,13.857806593711718,0.0,0.0,210.47588780079937,1.913417161825449
2024-01-01 07:40,17.829505401732177,74.25765304600353,1014.978293322918,7.574492895527272,14.18939354758426,8.0,0.0,232.44004395738474,2.1130913087034977
2024-01-01 07:50,17.86011765075706,74.02858834972089,1014.9976147929168,7.855539727457305,14.498844749644846,16.0,0.0,253.96173727926862,2.308743066175169
2024-01-01 08:00,17.88775160545325,73.79654669528333,1015.0168131018626,8.132223416329023,14.78401247653964,24.0,0.0,274.99999999999994,2.4999999999999996
2024-01-01 08:10,17.91238594469585,73.56164266644664,1015.0358858796181,8.40313291075848,15.042917542591763,32.0,0.0,295.51478459075304,2.686498041734118
2024-01-01 08:20,17.934001661729237,73.32399226042673,1015.0548307715437,8.666886607014,15.2737630361942,40.0,0.0,315.46703999307545,2.867882181755231
2024-01-01 08:30,17.952582078831828,73.08371283061933,1015.0736454387879,8.922139395018295,15.474946791142917,48.0,0.0,334.81878595479634,3.043807145043603
2024-01-01 08:40,17.96811286018387,72.84092302865007,1015.0923275585761,9.167589518237621,15.64507250635381,56.0,0.0,353.5331853275966,3.2139380484326963
2024-01-01 08:50,17.980582022928303,72.59574274578351,1015.1108748244977,9.401985212473404,15.782959436787873,64.0,0.0,371.57461418861317,3.3779510380783018
2024-01-01 09:00,17.989979946416216,72.34829305372008,1015.1292849467901,9.624131089699375,15.887650588325485,72.0,0.0,388.90872965260115,3.5355339059327378
2024-01-01 09:10,17.996299379629704,72.09869614480995,1015.1475556526221,9.832894234387417,15.958419359713846,80.0,0.0,405.5025352455682,3.68638668405062
2024-01-01 09:20,17.99953544677641,71.84707527171368,1015.1656846863743,10.027209981231714,15.99477458548964,88.0,0.0,421.32444371543795,3.8302222155948904
2024-01-01 09:30,17.9996856510515,71.59355468653914,1015.1836698099175,10.20608734480545,15.99646394487689,96.0,0.0,436.34433716017935,3.9667667014561756
2024-01-01 09:40,17.996749876564063,71.33825957948505,1015.2015088028887,10.368614073459623,15.963475713000765,104.0,0.0,450.5336243589454,4.095760221444959
2024-01-01 09:50,17.99073038842654,71.0813160170212,1015.219199462966,10.51396130168961,15.896038842263227,112.0,0.0,463.8652951970872,4.2169572290644295
2024-01-01 10:00,17.98163183100706,70.82285087963588,1015.2367396061395,10.64138777724313,15.794621373315692,120.0,0.0,476.31397208144125,4.330127018922193
2024-01-01 10:10,17.969461224346045,70.56299179918149,1015.2541270669818,10.7502436414118,15.659927186657235,128.0,0.0,487.85595824802186,4.435054165891108
2024-01-01 10:20,17.954227958739875,70.30186709584906,1015.2713596989149,10.83997374322733,15.492891117403648,136.0,0.0,498.4692828701575,4.531538935183249
2024-01-01 10:30,17.93594378749575,70.03960571480289,1015.2884353744754,10.910120470660388,15.29467246713296,144.0,0.0,508.1337428812077,4.619397662556434
2024-01-01 10:40,17.914622817863346,69.77633716250645,1015.3053519855766,10.960326084383341,15.0666469578379,152.0,0.0,516.8309414322496,4.698463103929542
2024-01-01 10:50,17.890281500150333,69.51219144277128,1015.3221074437698,10.990334542195026,14.8103971838284,160.0,0.0,524.5443229115248,4.768584753741135
2024-01-01 11:00,17.86293861503,69.24729899256022,1015.3386996805009,10.999992804803174,14.52770162785196,168.0,0.0,531.2592044589876,4.8296291314453415
2024-01-01 11:10,17.832615259050964,68.98179061757668,1015.3551266473669,10.989251616305229,14.220522317664658,176.0,0.0,536.9628039159634,4.881480035599667
2024-01-01 11:20,17.79933482836001,68.715797427672,1015.371386316368,10.958165755387121,13.890991208721545,184.0,0.0,541.6442641567145,4.924038765061041
2024-01-01 11:30,17.76312300065065,68.4494507721024,1015.3874766801582,10.90689375595899,13.54139538749629,192.0,0.0,545.2946737555957,4.957224306869052
2024-01-01 11:40,17.724007715351387,68.18288217466787,1015.4033957522935,10.835697098652554,13.174161198125386,200.0,0.0,547.9070839504601,4.9809734904587275
2024-01-01 11:50,17.682019152068882,67.9162232687648,1015.4191415674763,10.744938877303353,12.79183740254475,208.0,0.0,549.4765218700218,4.995241107909289
2024-01-01 12:00,17.637189707302728,67.64960573238453,1015.434712181799,10.635081947218692,12.39707749099463,216.0,0.0,550.0,5.0
2024-01-01 12:10,17.589553969449746,67.38316122308987,1015.4501056729833,10.506686564674844,11.99262126566531,224.0,0.0,549.4765218700218,4.995241107909289
2024-01-01 12:20,17.53914869211715,67.11702131300164,1015.4653201406177,10.360407529681774,11.581275825301148,232.0,0.0,547.9070839504601,4.9809734904587275
2024-01-01 12:30,17.48601276576506,66.8513174238275,1015.4803537063921,10.196990846586944,11.165896082737785,240.0,0.0,545.2946737555958,4.957224306869053
2024-01-01 12:40,17.43018718770042,66.58618076196498,1015.4952045143299,10.017269919548653,11.250635049410864,248.0,0.0,541.6442641567145,4.924038765061041
2024-01-01 12:50,17.371715030445248,66.32174225371094,1015.5098707310169,9.822161302281568,11.665426667395973,256.0,0.0,536.9628039159634,4.881480035599667
2024-01-01 13:00,17.31064140850384,66.05813248060913,1015.5243505458277,9.612660023750124,12.075599940439078,264.0,0.0,531.2592044589876,4.8296291314453415
2024-01-01 13:10,17.247013443554433,65.79548161496831,1015.5386421711491,9.389834513648223,12.478308091045804,272.0,0.0,524.5443229115248,4.768584753741135
2024-01-01 13:20,17.180880228092196,65.5339193555821,1015.5527438426013,9.154821153544624,12.8707561528561,280.0,0.0,516.8309414322497,4.698463103929543
2024-01-01 13:30,17.112292787551684,65.27357486368295,1015.566653819255,8.908818481482433,13.250220368903088,288.0,0.0,508.1337428812077,4.619397662556434
2024-01-01 13:40,17.041304040937877,65.01457669916138,1015.5803703838467,8.653081079588564,13.614067095648398,296.0,0.0,498.46928287015754,4.53153893518325
2024-01-01 13:50,16.96796875999624,64.75705275708225,1015.593891842991,8.38891317586554,13.959771081591812,304.0,0.0,487.855958248022,4.435054165891109
2024-01-01 14:00,16.892343526953297,64.50113020452929,1015.6072165273888,8.117661992795703,14.284932993593944,312.0,0.0,476.3139720814413,4.330127018922194
2024-01-01 14:10,16.814486690860313,64.24693541780913,1015.6203427920346,7.840710876679037,14.587296069271797,320.0,0.0,463.8652951970872,4.2169572290644295
2024-01-01 14:20,16.734458322573758,63.99459392004583,1015.6332690164185,7.55947224274419,14.864761779892415,328.0,0.0,450.5336243589454,4.095760221444959
2024-01-01 14:30,16.652320168407343,63.74423031919667,1015.6459936047265,7.275380372011677,15.115404395057528,336.0,0.0,436.34433716017935,3.9667667014561756
2024-01-01 14:40,16.568135602491303,63.49596824651992,1015.6585149860382,7.010115903355686,15.33748434809403,344.0,0.0,421.3244437154379,3.83022221559489
2024-01-01 14:50,16.481969577875752,63.24993029552486,1015.6708316145199,7.295560588911275,15.529460309388792,352.0,0.0,405.50253524556825,3.6863866840506203
2024-01-01 15:00,16.393888576415826,63.006237961434294,1015.6829419696157,7.579497953309904,15.689999883873694,0.0,0.0,388.90872965260115,3.5355339059327378
2024-01-01 15:10,16.30396055747723,62.76501158118932,1015.6948445562357,7.8604799523512625,15.81798885841581,8.0,0.0,371.57461418861317,3.3779510380783018
2024-01-01 15:20,16.212254905501847,62.526370274026185,1015.7065379049396,8.137073613819942,15.912538934931867,16.0,0.0,353.5331853275967,3.2139380484326976
2024-01-01 15:30,16.118842376473793,62.290431882654374,1015.718020572119,8.407868345460226,15.97299389555588,24.0,0.0,334.8187859547965,3.0438071450436044
2024-01-01 15:40,16.02379504332727,62.05731291506507,1015.7292911401754,8.671483128815963,15.998934157071105,32.0,0.0,315.4670399930755,2.867882181755232
2024-01-01 15:50,15.92718624033829,61.827128486998696,1015.7403482176949,8.92657356224787,15.99017968299654,40.0,0.0,295.5147845907531,2.6864980417341187
2024-01-01 16:00,15.829090506543247,61.5999922651,1015.75119043962,9.17183871720973,15.946791233116908,48.0,0.0,274.99999999999994,2.4999999999999996
2024-01-01 16:10,15.729583528227915,61.37601641078867,1015.761816467419,9.406027772817406,15.869069941783842,56.0,0.0,253.96173727926865,2.3087430661751696
2024-01-01 16:20,15.628742080531289,61.15531152487329,1015.7722249892497,9.627946394875156,15.757555227915006,64.0,0.0,232.44004395738494,2.1130913087034995
2024-01-01 16:30,15.526643968209328,60.93798659293585,1015.7824147201229,9.836462826827134,15.6130210511967,72.0,0.0,210.47588780079943,1.9134171618254494
2024-01-01 16:40,15.423367965604262,60.72414893151397,1015.79238440206,10.03051366157088,15.436470540473472,80.0,0.2,188.11107882911767,1.7101007166283424
2024-01-01 16:50,15.318993755865856,60.513904135107246,1015.8021328042486,10.209109264697375,15.229129031605993,88.0,0.2,165.38818972735035,1.5035289975213666
2024-01-01 17:00,15.213601869471425,60.30735602403394,1015.8116587231948,10.371338821499808,14.992435563117452,96.0,0.2,142.35047480638656,1.294095225512605
2024-01-01 17:10,15.107273622092134,60.10460659316383,1015.8209609828713,10.516374982011959,14.72803288865233,104.0,0.0,119.0417876659565,1.0821980696905138
2024-01-01 17:20,15.00009105185345,59.905755961552416,1015.8300384348627,10.64347808038707,14.437756075565307,112.0,0.0,95.50649771681188,0.8682408883346535
2024-01-01 17:30,14.892136856038192,59.710902323001484,1015.8388899585075,10.751999907098956,14.123619768770961,120.0,0.0,71.78940572102836,0.6526309611002579
2024-01-01 17:40,14.783494327280998,59.5201418975703,1015.8475144610363,10.841387014727589,13.787804208248646,128.0,0.0,47.935658511212004,0.43577871373829097
2024-01-01 17:50,14.674247289303459,59.33356888406149,1015.8559108777066,10.91118354047007,13.432640097246937,136.0,0.0,23.990663050935083,0.21809693682668257
2024-01-01 18:00,14.56448003223947,59.151275413505054,1015.8640781719345,10.96103353098254,13.060592426208784,144.0,0.0,6.735557395310443e-14,6.123233995736766e-16
2024-01-01 18:10,14.45427724760073,58.97335150366341,1015.8720153354222,10.990682757696673,12.674243364686316,152.0,0.0,0.0,0.0
2024-01-01 18:20,14.343723962932563,58.79988501458,1015.8797213882834,10.999980013352804,12.276274339982589,160.0,0.0,0.0,0.0
2024-01-01 18:30,14.232905476210453,58.63096160519343,1015.887195379163,10.988877883137597,11.869447426902168,168.0,0.0,0.0,0.0
2024-01-01 18:40,14.121907290027945,58.466664691038474,1015.8944363853559,10.957432986493528,11.456586177773746,176.0,0.0,0.0,0.0
2024-01-01 18:50,14.010815045626657,58.30707540305492,1015.9014435129196,10.905805688366963,11.040556025792432,184.0,0.0,0.0,0.0
2024-01-01 19:00,13.899714456819323,58.15227254752456,1015.9082158967858,10.834259281367483,11.375755602309047,192.0,0.0,0.0,0.0
2024-01-01 19:10,13.788691243856853,58.00233256715612,1015.9147527008661,10.74315864300928,11.78945932623358,200.0,0.0,0.0,0.0
2024-01-01 19:20,13.677831067290414,57.8573295033373,1015.921053118156,10.632968374882559,12.19768386565158,208.0,0.0,0.0,0.0
2024-01-01 19:30,13.567219461879567,57.71733495957263,1015.9271163708344,10.504250433244922,12.597595968111369,216.0,0.0,0.0,0.0
2024-01-01 19:40,13.456941770597476,57.582418066125236,1015.932941710359,10.35766126311641,12.986420073019811,224.0,0.0,0.0,0.0
2024-01-01 19:50,13.347083078784085,57.45264544587974,1015.9385284175597,10.193948450493961,13.361457575216908,232.0,0.0,0.0,0.0
2024-01-01 20:00,13.237728148498059,57.32808118144351,1015.9438758027267,10.01394690975855,13.72010555444685,240.0,0.0,0.0,0.0
2024-01-01 20:10,13.128961353118184,57.20878678350216,1015.9489832056954,9.818574625718762,14.059874840734942,248.0,0.0,0.0,0.0
2024-01-01 20:20,13.02086661224462,57.09482116044526,1015.9538499959292,9.608827972005813,14.378407290289145,256.0,0.0,0.0,0.0
2024-01-01 20:30,12.913527326950295,56.98624058927682,1015.9584755725956,9.385776629695606,14.673492152023977,264.0,0.0,0.0,0.0
2024-01-01 20:40,12.807026315432363,56.88309868782544,1015.9628593646419,9.15055813207225,14.943081411116122,272.0,0.0,0.0,0.0
2024-01-01 20:50,12.701445749113384,56.78544638826742,1015.9670008308647,8.90437206335393,15.185304003100995,280.0,0.0,0.0,0.0
2024-01-01 21:00,12.59686708924152,56.6933319119761,1015.970899459977,8.648473940967026,15.39847879985835,288.0,0.0,0.0,0.0
2024-01-01 21:10,12.493371024038682,56.60680074570982,1015.9745547706715,8.384168812568,15.581126277358553,296.0,0.0,0.0,0.0
2024-01-01 21:20,12.391037406445093,56.52589561915024,1015.9779663116801,8.112804600467456,15.73197878419054,304.0,0.0,0.0,0.0
2024-01-01 21:30,12.289945192508341,56.45065648380215,1015.9811336618293,7.835765227398971,15.849989339603393,312.0,0.0,0.0,0.0
2024-01-01 21:40,12.190172380464405,56.381120493265115,1015.984056430092,7.554463558690339,15.934338899999371,320.0,0.0,0.0,0.0
2024-01-01 21:50,12.091795950557715,56.3173219848868,1015.9867342556363,7.2703341968313575,15.9844420434459,328.0,0.0,0.0,0.0
2024-01-01 22:00,11.99489180564662,56.259292462806954,1015.9891668078701,7.015173834815215,15.999951032753518,336.0,0.0,0.0,0.0
2024-01-01 22:10,11.899534712640145,56.207060582400416,1015.9913537864812,7.3006044818472375,15.980758228920308,344.0,0.0,0.0,0.0
2024-01-01 22:20,11.805798244811179,56.160652136126934,1015.9932949214752,7.584502084514192,15.926996838192505,352.0,0.0,0.0,0.0
2024-01-01 22:30,11.713754725030626,56.12009004079465,1015.9949899732081,7.865418801395516,15.839039987556308,0.0,0.0,0.0,0.0
2024-01-01 22:40,11.623475169966305,56.085394326243645,1015.9964387324164,8.141921993206454,15.717498135077424,8.0,0.0,0.0,0.0
2024-01-01 22:50,11.535029235289668,56.05658212545502,1015.997641020243,8.412601529074964,15.563214833061679,16.0,0.0,0.0,0.0
2024-01-01 23:00,11.448485161932592,56.03366766609057,1015.9985966882585,8.676076978028572,15.377260873442143,24.0,0.0,0.0,0.0
2024-01-01 23:10,11.363909723435729,56.01666226346704,1015.9993056184808,8.931004649015605,15.160926856026325,32.0,0.0,0.0,0.0
2024-01-01 23:20,11.281368174429016,56.00557431496854,1015.9997677233882,9.176084443557478,14.91571423118295,40.0,0.0,0.0,0.0
2024-01-01 23:30,11.200924200284124,56.000409295899864,1015.9999829459315,9.410066486084453,14.64332487913585,48.0,0.0,0.0,0.0
2024-01-01 23:40,11.122639867977671,56.001169756782744,1015.9999512595401,9.631757498141003,14.34564929818923,56.0,0.0,0.0,0.0
2024-01-01 23:50,11.04657557820312,56.007855322096404,1015.9996726681261,9.840026883953133,14.024753483862936,64.0,0.0,0.0,0.0
2024-01-02 00:00,10.972790018768286,56.02046269046296,1015.999147206083,10.033812496322069,13.682864590002175,72.0,0.0,0.0,0.0
2024-01-02 00:10,10.901340119314465,56.038985636277715,1015.998374938282,10.212126053438933,13.322355471379765,80.0,0.0,0.0,0.0
2024-01-02 00:20,10.832281007392051,56.06341501278333,1015.9973559600639,10.374058178995456,12.945728215071744,88.0,0.0,0.0,0.0
2024-01-02 00:30,10.76566596592659,56.09373875658663,1015.9960903972271,10.51878303988668,12.555596774905636,96.0,0.0,0.0,0.0
2024-01-02 00:40,10.701546392108053,56.12994189361556,1015.9945784060124,10.645562557854054,12.154668829505841,104.0,0.0,0.0,0.0
2024-01-02 00:50,10.639971757735056,56.17200654651345,1015.9928201730833,10.75375017359004,11.745726989848851,112.0,0.0,0.0,0.0
2024-01-02 01:00,10.58098957104464,56.219911943467054,1015.9908159155035,10.842794144107792,11.331609486756003,120.0,0.0,0.0,0.0
2024-01-02 01:10,10.524645340057027,56.27363442846372,1015.9885658807096,10.912240356559732,11.084809527639168,128.0,0.0,0.0,0.0
2024-01-02 01:20,10.47098253746367,56.33314747297298,1015.986070346481,10.961734644154932,11.500639927732864,136.0,0.0,0.0,0.0
2024-01-02 01:30,10.420042567085666,56.398421689046465,1015.9833296209049,10.99102459236439,11.91299567315567,144.0,0.0,0.0,0.0
2024-01-02 01:40,10.371864731928417,56.46942484382988,1015.9803440423392,10.999960826202814,12.319014839123843,152.0,0.0,0.0,0.0
2024-01-02 01:50,10.326486203857186,56.54612187547981,1015.97711397937,10.988497772021908,12.715879479418234,160.0,0.0,0.0,0.0
2024-01-02 02:00,10.283941994916953,56.628474910477536,1015.9736398307663,10.956693889930156,13.100835184133205,168.0,0.0,0.0,0.0
2024-01-02 02:10,10.24426493031867,56.71644328233118,1015.969922025431,10.904711375653742,13.47121019645635,176.0,0.0,0.0,0.0
2024-01-02 02:20,10.20748562311281,56.80998355165712,1015.9659610223478,10.832815333359122,13.824433955800579,184.0,0.0,0.0,0.0
2024-01-02 02:30,10.1736324505697,56.90904952763068,1015.9617573105241,10.741372423655724,14.158054938591192,192.0,0.0,0.0,0.0
2024-01-02 02:40,10.142731532284888,57.01359229079543,1015.9573114089317,10.630848993673787,14.469757672885281,200.0,0.0,0.0,0.0
2024-01-02 02:50,10.11480671002642,57.12356021721999,1015.9526238664414,10.501808698753713,14.757378808734797,208.0,0.0,0.0,0.0
2024-01-02 03:00,10.089879529339612,57.238899003990234,1015.9476952617564,10.354909627876006,15.018922132758105,216.0,0.0,0.0,0.0
2024-01-02 03:10,10.06796922292346,57.3595516960245,1015.94252620334,10.190900947491741,15.252572422712385,224.0,0.0,0.0,0.0
2024-01-02 03:20,10.049092695791556,57.48545871419836,1015.937117329341,10.010619080869592,15.4567080459104,232.0,0.0,0.0,0.0
2024-01-02 03:30,10.033264512228923,57.61655788476517,1015.931469307515,9.814983442444268,15.629912214043136,240.0,0.0,0.0,0.0
2024-01-02 03:40,10.020496884554877,57.752784470057975,1015.9255828351412,9.604991748920636,15.770982816295042,248.0,0.0,0.0,0.0
2024-01-02 03:50,10.010799663700535,57.894071200457326,1015.9194586389372,9.38171493104626,15.878940762505927,256.0,0.0,0.0,0.0
2024-01-02 04:00,10.004180331608287,58.04034830760954,1015.9130974749687,9.14629167200174,15.953036778474353,264.0,0.0,0.0,0.0
2024-01-02 04:10,10.000643995459058,58.19154355887876,1015.9065001285568,8.899922600262297,15.992756606240217,272.0,0.0,0.0,0.0
2024-01-02 04:20,10.000193383731832,58.34758229301592,1015.89966741418,8.643864166546283,15.997824573254393,280.0,0.0,0.0,0.0
2024-01-02 04:30,10.002828844098488,58.508387457027,1015.8926001753748,8.379422236077412,15.968205505663814,288.0,0.0,0.0,0.0
2024-01-02 04:40,10.008548343155548,58.67387964422231,1015.8852992846308,8.107945428839322,15.904104972433014,296.0,0.0,0.0,0.0
2024-01-02 04:50,10.017347467993055,58.843977133428055,1015.8777656432834,7.830818241786383,15.805967858607842,304.0,0.0,0.0,0.0
2024-01-02 05:00,10.029219429599388,59.01859592934082,1015.8700001814019,7.549453988086468,15.674475277623415,312.0,0.0,0.0,0.0
2024-01-02 05:10,10.04415506809935,59.197649804005,1015.8620038576757,7.265287589404803,15.51053984408636,320.0,0.0,0.0,0.0
2024-01-02 05:20,10.062142859821524,59.38105033939281,1015.853777659295,7.020231742012796,15.315299339840097,328.0,0.0,0.0,0.0
2024-01-02 05:30,10.083168926189419,59.56870697106562,1015.8453226018294,7.3056478941368015,15.090108817273471,336.0,0.0,0.0,0.0
2024-01-02 05:40,10.107217044429564,59.76052703289542,1015.8366397291024,7.5895052811388695,14.836531194679122,344.0,0.0,0.0,0.0
2024-01-02 05:50,10.134268660088278,59.956415802823834,1015.8277301130627,7.8703562666931886,14.556326408933788,352.0,0.0,0.0,0.0
2024-01-02 06:00,10.164302901347446,60.15627654963666,1015.8185948536513,8.146768546736338,14.251439200785583,0.0,0.0,0.0,0.0
2024-01-02 06:10,10.197296595128291,60.360010580730325,1015.8092350786668,8.417332454034648,13.923985617523602,8.0,0.0,23.990663050934845,0.2180969368266804
2024-01-02 06:20,10.233224284970685,60.56751729084699,1015.7996519436247,8.680668147306564,13.57623832670702,16.0,0.0,47.93565851121195,0.4357787137382904
2024-01-02 06:30,10.272058250674213,60.778694211754136,1015.7898466316161,8.935432648236487,13.210610842882698,24.0,0.0,71.78940572102836,0.6526309611002579
2024-01-02 06:40,10.313768529685845,60.99343706284402,1015.779820353161,9.180326690492226,12.829640776764656,32.0,0.0,95.50649771681172,0.8682408883346521
2024-01-02 06:50,10.358322940217702,61.21163980262823,1015.7695743460586,9.41410134581692,12.435972223133167,40.0,0.0,119.04178766595653,1.082198069690514
2024-01-02 07:00,10.405687106077082,61.43319468110161,1015.7591098752351,9.63556439340322,12.032337409688983,48.0,0.0,142.35047480638642,1.2940952255126037
2024-01-02 07:10,10.4558244831896,61.65799229295002,1015.7484282325873,9.843586400066732,11.621537734227573,56.0,0.0,165.38818972735027,1.5035289975213662
2024-01-02 07:20,10.508696387794965,61.88592163157541,1015.7375307368228,10.03710648021066,11.20642432174333,64.0,0.0,188.11107882911776,1.7101007166283433
2024-01-02 07:30,10.564262026293632,62.116870143911605,1015.7264187332977,10.215137706206484,11.210121763594204,72.0,0.0,210.47588780079937,1.913417161825449
2024-01-02 07:40,10.622478526721329,62.35072378600384,1015.7150935938502,10.376772141598494,11.625209514254685,80.0,0.0,232.44004395738474,2.1130913087034977
2024-01-02 07:50,10.683300971827146,62.58736707932438,1015.7035567166312,10.52118547146345,12.03595804417255,88.0,0.0,253.96173727926862,2.308743066175169
2024-01-02 08:00,10.74668243372968,62.826683167796645,1015.691809525932,10.647641206311148,12.439516583325327,96.0,0.0,274.99999999999994,2.4999999999999996
2024-01-02 08:10,10.812574010124493,63.06855387549953,1015.6798534720078,10.7554944380865,12.833084263293651,104.0,0.0,295.51478459075304,2.686498041734118
2024-01-02 08:20,10.880924862014943,63.3128597650235,1015.6676900308998,10.844195129118031,13.21392955648304,112.0,0.0,315.46703999307545,2.867882181755231
2024-01-02 08:30,10.95168225293728,63.55948019644954,1015.655320704252,10.913290917239598,13.579409234090546,120.0,0.0,334.81878595479634,3.043807145043603
2024-01-02 08:40,11.024791589649755,63.80829338692207,1015.6427470191256,10.962429422779481,13.926986711240373,128.0,0.0,353.5331853275966,3.2139380484326963
2024-01-02 08:50,11.100196464254317,64.05917647078606,1015.629970527812,10.991360045651605,14.25424965196495,136.0,0.0,371.57461418861317,3.3779510380783018
2024-01-02 09:00,11.177838697718432,64.31200556025897,1015.6169928076392,10.999935243383883,14.558926711845615,144.0,0.0,388.90872965260115,3.5355339059327378
2024-01-02 09:10,11.257658384763424,64.5666558066074,1015.6038154607785,10.988111283565933,14.83890330211192,152.0,0.0,405.5025352455682,3.68638668405062
2024-01-02 09:20,11.339593940084711,64.8230014617982,1015.5904401140461,10.955948466878771,15.092236265789726,160.0,0.2,421.32444371543795,3.8302222155948904
2024-01-02 09:30,11.423582145868274,65.0809159405938,1015.5768684187024,10.903610819569058,15.317167364039527,168.0,0.2,436.34433716017935,3.9667667014561756
2024-01-02 09:40,11.509558200566701,65.34027188306072,1015.5631020502482,10.831365256936246,15.51213547908413,176.0,0.2,450.5336243589454,4.095760221444959
2024-01-02 09:50,11.597455768897166,65.60094121746094,1015.5491427082175,10.739580222098732,15.675787449031947,184.0,0.0,463.8652951970872,4.2169572290644295
2024-01-02 10:00,11.687207033022764,65.86279522349449,1015.5349921159681,10.628723806981128,15.806987459397785,192.0,0.0,476.31397208144125,4.330127018922193
2024-01-02 10:10,11.778742744877732,66.1257045958624,1015.5206520204689,10.49936136510539,15.904824926139929,200.0,0.0,487.85595824802186,4.435054165891108
2024-01-02 10:20,11.871992279596155,66.38953950811869,1015.5061241920838,10.352152628360242,15.96862081550184,208.0,0.0,498.4692828701575,4.531538935183249
2024-01-02 10:30,11.966883690002966,66.65416967677935,1015.4914104243535,10.18784834245303,15.997932356796085,216.0,0.0,508.1337428812077,4.619397662556434
2024-01-02 10:40,12.063343762125168,66.91946442565737,1015.4765125337735,10.007286438202751,15.992556115421817,224.0,0.0,516.8309414322496,4.698463103929542
2024-01-02 10:50,12.161298071680458,67.1852927503915,1015.4614323595711,9.811387758200157,15.952529404787665,232.0,0.0,524.5443229115248,4.768584753741135
2024-01-02 11:00,12.260671041499691,67.45152338313703,1015.4461717634766,9.601151360628467,15.878130027340788,240.0,0.0,531.2592044589876,4.8296291314453415
2024-01-02 11:10,12.36138599983884,67.71802485738685,1015.4307326294952,9.377649424194564,15.769874346499353,248.0,0.0,536.9628039159634,4.881480035599667
2024-01-02 11:20,12.463365239535488,67.98466557289045,1015.415116863673,9.142021780154874,15.628513702870151,256.0,0.0,541.6442641567145,4.924038765061041
2024-01-02 11:30,12.566530077964199,68.25131386063902,1015.3993263938625,8.895470099321921,15.455029199624267,264.0,0.0,545.2946737555957,4.957224306869052
2024-01-02 11:40,12.67080091774453,68.51783804788454,1015.3833631694844,8.639251763697045,15.25062489322252,272.0,0.0,547.9070839504601,4.9809734904587275
2024-01-02 11:50,12.776097308154807,68.78410652316066,1015.3672291612869,8.37467345398323,15.016719436749977,280.0,0.0,549.4765218700218,4.995241107909289
2024-01-02 12:00,12.882338007204297,69.04998780127336,1015.3509263611023,8.103084485680803,14.75493623385838,288.0,0.0,550.0,5.0
2024-01-02 12:10,12.989441044315914,69.31535058822921,1015.3344567816014,7.825869927751186,14.467092171652212,296.0,0.0,549.4765218700218,4.995241107909289
2024-01-02 12:20,13.097323783571051,69.58006384606928,1015.3178224560445,7.544443538942542,14.155185010717123,304.0,0.0,547.9070839504601,4.9809734904587275
2024-01-02 12:30,13.205902987467752,69.84399685757654,1015.301025438031,7.260240557801195,13.821379519809277,312.0,0.0,545.2946737555958,4.957224306869053
2024-01-02 12:40,13.315094881143064,70.10701929082495,1015.2840678012457,7.02528961686118,13.467992451436606,320.0,0.0,541.6442641567145,4.924038765061041
2024-01-02 12:50,13.424815217009979,70.36900126353822,1015.2669516392021,7.3106908177159005,13.097476462608133,328.0,0.0,536.9628039159634,4.881480035599667
2024-01-02 13:00,13.534979339759081,70.62981340722662,1015.2496790649852,7.59450753518417,12.712403092348062,336.0,0.0,531.2592044589876,4.8296291314453415
2024-01-02 13:10,13.645502251674843,70.88932693106997,1015.2322522109895,7.875292340349589,12.315444914117855,344.0,0.0,524.5443229115248,4.768584753741135
2024-01-02 13:20,13.756298678216039,71.14741368551545,1015.2146732286562,8.151613266660261,11.909356987016322,352.0,0.0,516.8309414322497,4.698463103929543
2024-01-02 13:30,13.867283133809773,71.40394622555871,1015.1969442882079,8.422061112774855,11.496957734494242,0.0,0.0,508.1337428812077,4.619397662556434
2024-01-02 13:40,13.978369987808337,71.65879787367716,1015.1790675783801,8.68525662930897,11.081109383293157,8.0,0.0,498.46928287015754,4.53153893518325
2024-01-02 13:50,14.08947353055799,71.91184278238408,1015.1610453061513,8.939857552830448,11.335301901629173,16.0,0.0,487.855958248022,4.435054165891109
2024-01-02 14:00,14.20050803952869,72.16295599637306,1015.1428796964705,9.18456545123091,11.749386048314761,24.0,0.0,476.3139720814413,4.330127018922194
2024-01-02 14:10,14.311387845453782,72.41201351422171,1015.1245729919824,9.41813234556334,12.158269136137797,32.0,0.0,463.8652951970872,4.2169572290644295
2024-01-02 14:20,14.422027398428565,72.65889234962452,1015.1061274527509,9.639367074574823,12.559113342039735,40.0,0.0,450.5336243589454,4.095760221444959
2024-01-02 14:30,14.532341333916778,72.90347059212421,1015.0875453559795,9.847141369476493,12.949136636231893,48.0,0.0,436.34433716017935,3.9667667014561756
2024-01-02 14:40,14.642244538614072,73.14562746731202,1015.0688289957307,10.040395607969801,13.325632090669094,56.0,0.0,421.3244437154379,3.83022221559489
2024-01-02 14:50,14.751652216117627,73.38524339646696,1015.0499806826424,10.218144218184596,13.68598666628502,64.0,0.0,405.50253524556825,3.6863866840506203
2024-01-02 15:00,14.860479952351263,73.62220005560452,1015.031002743643,10.379480704969481,14.027699348598006,72.0,0.0,388.90872965260115,3.5355339059327378
2024-01-02 15:10,14.968643780695578,73.85638043390597,1015.0118975216636,10.523582272900944,14.348398505818567,80.0,0.0,371.57461418861317,3.3779510380783018
2024-01-02 15:20,15.076060246772837,74.08766889149899,1014.9926673753496,10.649714022434733,14.645858348985705,88.0,0.0,353.5331853275967,3.2139380484326976
2024-01-02 15:30,15.182646472836643,74.3159512165615,1014.9733146787686,10.757232697799362,14.918014379891776,96.0,0.0,334.8187859547965,3.0438071450436044
2024-01-02 15:40,15.288320221716702,74.54111468172025,1014.9538418211177,10.845589967518228,15.162977719580851,104.0,0.0,315.4670399930755,2.867882181755232
2024-01-02 15:50,15.39299996026935,74.76304809971627,1014.9342512064289,10.914335220829894,15.379048217974404,112.0,0.0,295.5147845907531,2.6864980417341187
2024-01-02 16:00,15.49660492228488,74.98164187831004,1014.9145452532716,10.963117865745286,15.564726253638138,120.0,0.0,274.99999999999994,2.4999999999999996
2024-01-02 16:10,15.599055170803151,75.1967880743988,1014.8947263944544,10.99168911702195,15.718723141794511,128.0,0.0,253.96173727926865,2.3087430661751696
2024-01-02 16:20,15.700271659789367,75.40838044731959,1014.874797076725,10.999903264936918,15.839970078344823,136.0,0.0,232.44004395738494,2.1130913087034995
2024-01-02 16:30,15.800176295122471,75.61631451131161,1014.8547597604677,10.98771841838764,15.927625557825598,144.0,0.0,210.47588780079943,1.9134171618254494
2024-01-02 16:40,15.898691994849075,75.8204875871121,1014.8346169193995,10.955196718531257,15.981081213815514,152.0,0.0,188.11107882911767,1.7101007166283424
2024-01-02 16:50,15.995742748656458,76.02079885265991,1014.8143710402657,10.90250402187263,15.999966041257881,160.0,0.0,165.38818972735035,1.5035289975213666
2024-01-02 17:00,16.09125367651872,76.21714939288225,1014.7940246225315,10.829909054417431,15.984148971393996,168.0,0.0,142.35047480638656,1.294095225512605
2024-01-02 17:10,16.185151086470867,76.40944224853959,1014.7735801780747,10.737782041203912,15.933739781436266,176.0,0.0,119.0417876659565,1.0821980696905138
2024-01-02 17:20,16.277362531466252,76.59758246410475,1014.7530402308747,10.626592818202607,15.849088332667492,184.0,0.0,95.50649771681188,0.8682408883346535
2024-01-02 17:30,16.36781686527345,76.78147713465265,1014.7324073167015,10.496908436213069,15.730782142254354,192.0,0.0,71.78940572102836,0.6526309611002579
2024-01-02 17:40,16.456444297369544,76.96103545173737,1014.7116839828021,10.34939026897737,15.579642305627603,200.0,0.0,47.935658511212004,0.43577871373829097
2024-01-02 17:50,16.54317644678736,77.13616874823398,1014.6908727875866,10.18479064025875,15.396717797729504,208.0,0.0,23.990663050935083,0.21809693682668257
2024-01-02 18:00,16.627946394875156,77.306790542123,1014.6699763003118,10.003948987086705,15.18327819268028,216.0,0.0,6.735557395310443e-14,6.123233995736766e-16
2024-01-02 18:10,16.710688736928088,77.47281657919574,1014.6489971007645,9.807787578735674,14.94080485239206,224.0,0.0,0.0,0.0
2024-01-02 18:20,16.791339632651535,77.63416487465972,1014.6279377789426,9.597306813269826,14.670980645285283,232.0,0.0,0.0,0.0
2024-01-02 18:30,16.86983685541744,77.79075575362319,1014.6068009347357,9.373580115640989,14.375678266464005,240.0,0.0,0.0,0.0
2024-01-02 18:40,16.946119840275568,77.94251189043926,1014.5855891776039,9.137748463358925,14.056947240412896,248.0,0.0,0.0,0.0
2024-01-02 18:50,17.02012973068275,78.08935834688975,1014.5643051262556,8.891014567652048,13.716999696423034,256.0,0.0,0.0,0.0
2024-01-02 19:00,17.091809423913933,78.23122260919023,1014.5429514083246,8.634636739794253,13.358195015470981,264.0,0.0,0.0,0.0
2024-01-02 19:10,17.16110361512011,78.36803462379778,1014.5215306600451,8.36992247387845,12.983023455108205,272.0,0.0,0.0,0.0
2024-01-02 19:20,17.227958839999058,78.49972683200399,1014.5000455259267,8.09822177876421,12.594088866011374,280.0,0.0,0.0,0.0
2024-01-02 19:30,17.29232351604602,78.62623420329582,1014.478498658428,7.820920293205396,12.194090620147914,288.0,0.0,0.0,0.0
2024-01-02 19:40,17.35414798235245,78.74749426746821,1014.4568927176285,7.539432219269926,11.785804875982905,296.0,0.0,0.0,0.0
2024-01-02 19:50,17.413384537922145,78.86344714547218,1014.435230370901,7.255193110090398,11.372065310755076,304.0,0.0,0.0,0.0
2024-01-02 20:00,17.469987478475225,78.9740355789836,1014.4135142925818,7.030347451273171,11.044256546452019,312.0,0.0,0.0,0.0
2024-01-02 20:10,17.52391313171149,79.07920495867775,1014.3917471636405,7.315733244521217,11.460271244346945,320.0,0.0,0.0,0.0
2024-01-02 20:20,17.57511989100603,79.17890335119567,1014.3699316713495,7.5995088386518095,11.873091463454923,328.0,0.0,0.0,0.0
2024-01-02 20:30,17.623568247511034,79.27308152478936,1014.3480705089515,7.880227014472282,12.279852055346666,336.0,0.0,0.0,0.0
2024-01-02 20:40,17.66922082063905,79.36169297363261,1014.326166375328,8.156456145231852,12.677729927990846,344.0,0.0,0.0,0.0
2024-01-02 20:50,17.712042386904184,79.44469394078604,1014.3042219746649,8.426787497734766,13.063963639217079,352.0,0.0,0.0,0.0
2024-01-02 21:00,17.751999907098956,79.52204343980439,1014.2822400161198,8.689842416699118,13.435872562302547,0.0,0.0,0.0,0.0
2024-01-02 21:10,17.789062551785882,79.59370327497612,1014.2602232134866,8.944279355722351,13.790875490665128,8.0,0.0,0.0,0.0
2024-01-02 21:20,17.823201725084097,79.65963806018453,1014.2381742848614,9.188800718996031,14.126508552538146,16.0,0.0,0.0,0.0
2024-01-02 21:30,17.854391086732647,79.71981523638179,1014.216095952306,9.422159478878404,14.440442311291484,24.0,0.0,0.0,0.0
2024-01-02 21:40,17.882606572413472,79.77420508766676,1014.1939909415124,9.643165535575607,14.730497932715622,32.0,0.0,0.0,0.0
2024-01-02 21:50,17.907826412318347,79.8227807559589,1014.1718619814662,9.850691786498263,14.994662307060477,40.0,0.0,0.0,0.0
2024-01-02 22:00,17.930031147945492,79.86551825426103,1014.1497118041099,10.043679874340388,15.231102020875852,48.0,0.0,0.0,0.0
2024-01-02 22:10,17.949203647112896,79.90239647850422,1014.1275431440048,10.22114558456606,15.438176081682965,56.0,0.0,0.0,0.0
2024-01-02 22:20,17.965329117176733,79.93339721796913,1014.1053587379946,10.382183864777598,15.614447307162251,64.0,0.0,0.0,0.0
2024-01-02 22:30,17.978395116444705,79.9585051642786,1014.0831613248666,10.525973440366837,15.758692299811766,72.0,0.0,0.0,0.0
2024-01-02 22:40,17.9883915637755,79.97770791895707,1014.060953645014,10.65178100291051,15.86990993784778,80.0,0.0,0.0,0.0
2024-01-02 22:50,17.99531074635695,79.99099599955291,1014.0387384400974,10.758964949949279,15.947328323417004,88.0,0.0,0.0,0.0
2024-01-02 23:00,17.999147325656885,79.99836284432108,1014.0165184527066,10.846978657078125,15.990410139896982,96.0,0.0,0.0,0.0
2024-01-02 23:10,17.99989834154212,79.99980481546324,1013.9942964260216,10.915373265660843,15.998856381102694,104.0,0.0,0.0,0.0
2024-01-02 23:20,17.99756321456235,79.99532120092418,1013.9720751034744,10.963799971951572,15.972608426517013,112.0,0.0,0.0,0.0
2024-01-02 23:30,17.992143746397232,79.98491421474344,1013.9498572284097,10.992011805949263,15.911848448142116,120.0,0.0,0.0,0.0
2024-01-02 23:40,17.983644118466284,79.96858899596194,1013.927645543747,10.999864890913049,15.816998146148062,128.0,0.0,0.0,0.0
2024-01-02 23:50,17.9720708887027,79.94635360608437,1013.9054427916412,10.987319177115197,15.688715822093714,136.0,0.0,0.0,0.0
2024-01-03 00:00,17.957432986493526,79.91821902509831,1013.8832517131449,10.954438646089603,15.527891810033118,144.0,0.0,0.0,0.0
2024-01-03 00:10,17.939741705790166,79.88419914605227,1013.8610750478689,10.901390984334153,15.335642297217316,152.0,0.0,0.0,0.0
2024-01-03 00:20,17.91901069639445,79.84431076819516,1013.8389155336453,10.828446728131048,15.113301577278662,160.0,0.0,0.0,0.0
2024-01-03 00:30,17.89525595342707,79.79857358868074,1013.816775906188,10.735977883846436,14.862412789663853,168.0,0.0,0.0,0.0
2024-01-03 00:40,17.868495804986463,79.74701019284106,1013.7946588987567,10.624456030745536,14.584717209587804,176.0,0.0,0.0,0.0
2024-01-03 00:50,17.83875089800765,79.68964604303362,1013.7725672418177,10.494449915998821,14.28214216284085,184.0,0.0,0.0,0.0
2024-01-03 01:00,17.806044182332005,79.62650946606786,1013.7505036627082,10.346622554144224,13.956787649325623,192.0,0.0,0.0,0.0
2024-01-03 01:10,17.770400893000172,79.55763163921729,1013.7284708852987,10.181727845797942,13.61091176816177,200.0,0.0,0.0,0.0
2024-01-03 01:20,17.731848530781836,79.48304657482383,1013.7064716296574,10.000606732857811,13.246915045514823,208.0,0.0,0.0,0.0
2024-01-03 01:30,17.69041684095736,79.40279110350235,1013.6845086117135,9.804182909807277,12.867323773920575,216.0,0.0,0.0,0.0
2024-01-03 01:40,17.646137790367654,79.31690485595344,1013.6625845429231,9.593458112991886,12.474772478737084,224.0,0.0,0.0,0.0
2024-01-03 01:50,17.59904554274999,79.22543024339346,1013.6407021299334,9.369507011892095,12.071985633414851,232.0,0.0,0.0,0.0
2024-01-03 02:00,17.54917643237878,79.12841243661171,1013.618864074249,9.133471728446638,11.661758750488865,240.0,0.2,0.0,0.0
2024-01-03 02:10,17.496568936031686,79.0258993436646,1013.5970730718986,8.886556012376785,11.246938979528943,248.0,0.2,0.0,0.0
2024-01-03 02:20,17.441263643302655,78.91794158621855,1013.5753318131016,8.630019102216986,11.169594653292817,256.0,0.2,0.0,0.0
2024-01-03 02:30,17.383303225284795,78.80459247455244,1013.5536429819365,8.365169303359565,11.58495122687182,264.0,0.0,0.0,0.0
2024-01-03 02:40,17.32273240164726,78.68590798123277,1013.532009256009,8.093357315864694,11.996247989396794,272.0,0.0,0.0,0.0
2024-01-03 02:50,17.259597906131585,78.561946713474,1013.5104333061223,7.815969346063145,12.400630365877094,280.0,0.0,0.0,0.0
2024-01-03 03:00,17.193948450493963,78.43276988419791,1013.4889177959463,7.534420037081397,12.795291770110842,288.0,0.0,0.0,0.0
2024-01-03 03:10,17.12583468692148,78.29844128180616,1013.4674653816896,7.250145254342944,13.17749308359056,296.0,0.0,0.0,0.0
2024-01-03 03:20,17.055309168951137,78.15902723868128,1013.4460787117712,7.035405237161616,13.544581666154064,304.0,0.0,0.0,0.0
2024-01-03 03:30,16.982426310921863,78.01459659843115,1013.4247604264933,7.320775166490285,13.894009766438751,312.0,0.0,0.0,0.0
2024-01-03 03:40,16.907242345990888,77.86522068189367,1013.4035131577161,7.604509183545046,14.223352204363024,320.0,0.0,0.0,0.0
2024-01-03 03:50,16.829815282746694,77.71097325191796,1013.3823395285323,7.885160281171039,14.53032320291059,328.0,0.0,0.0,0.0
2024-01-03 04:00,16.750204860452246,77.5519304769398,1013.3612421529432,8.161297174707672,14.812792252398014,336.0,0.0,0.0,0.0
2024-01-03 04:10,16.66847250295278,77.38817089336912,1013.3402236355362,8.431511601357213,15.068798897120887,344.0,0.0,0.0,0.0
2024-01-03 04:20,16.584681271283962,77.2197753668082,1013.3192865711633,8.69442550214464,15.296566341752696,352.0,0.0,0.0,0.0
2024-01-03 04:30,16.49889581501677,77.04682705211965,1013.2984335446207,8.948698049842038,15.494513783062336,0.0,0.0,0.0,0.0
2024-01-03 04:40,16.4111823223768,76.86941135236403,1013.2776671303297,9.193032487015698,15.661267381362974,8.0,0.0,0.0,0.0
2024-01-03 04:50,16.321608469176375,76.68761587662716,1013.2569898920189,9.426182739323004,15.79566979554551,16.0,0.0,0.0,0.0
2024-01-03 05:00,16.230243366598916,76.50153039675821,1013.2364043824072,9.64695977033206,15.896788215519585,24.0,0.0,0.0,0.0
2024-01-03 05:10,16.137157507875845,76.31124680303974,1013.2159131428896,9.854237645455164,15.963920836313582,32.0,0.0,0.0,0.0
2024-01-03 05:20,16.042422713897132,76.1168590588116,1013.1955187032225,10.046959274071105,15.99660172890049,40.0,0.0,0.0,0.0
2024-01-03 05:30,15.94611207779755,75.91846315407128,1013.1752235812124,10.224141800551891,15.99460407394412,48.0,0.0,0.0,0.0
2024-01-03 05:40,15.848299908561227,75.71615705807329,1013.1550302824039,10.384881616700682,15.957941736022072,56.0,0.0,0.0,0.0
2024-01-03 05:50,15.749061673688201,75.51004067095137,1013.1349412997713,10.528358970037818,15.886869167399627,64.0,0.0,0.0,0.0
2024-01-03 06:00,15.648473940967026,75.30021577438706,1013.1149591134104,10.65384214443352,15.781879642022515,72.0,0.0,0.0,0.0
2024-01-03 06:10,15.54661431939852,75.08678598134918,1013.0950861902322,10.760691191766487,15.643701831985263,80.0,0.0,23.990663050934845,0.2180969368266804
2024-01-03 06:20,15.443561399316117,74.86985668492916,1013.075324983659,10.848361195577308,15.47329475023602,88.0,0.0,47.93565851121195,0.4357787137382904
2024-01-03 06:30,15.339394691749053,74.64953500629707,1013.0556779333209,10.916405050072687,15.271841094617612,96.0,0.0,71.78940572102836,0.6526309611002579
2024-01-03 06:40,15.234194567075257,74.42592974180455,1013.0361474647544,10.964475740307696,15.040739039439927,104.0,0.0,95.50649771681172,0.8682408883346521
2024-01-03 06:50,15.1280421930111,74.19915130926037,1013.0167359891041,10.992328111917585,14.781592531553766,112.0,0.0,119.04178766595653,1.082198069690514
2024-01-03 07:00,15.02101947198607,73.9693116934054,1012.9974459028233,10.99982012137363,14.496200158275489,120.0,0.0,142.35047480638642,1.2940952255126037
2024-01-03 07:10,14.913208977950463,73.73652439061375,1012.97827958738,10.986913560386961,14.186542664423705,128.0,0.0,165.38818972735027,1.5035289975213662
2024-01-03 07:20,14.804693892665055,73.50090435284751,1012.9592394089615,10.953674250765921,13.854769205105274,136.0,0.0,188.11107882911776,1.7101007166283433
2024-01-03 07:30,14.695557941521734,73.26256793089269,1012.940327718183,10.900271708733296,13.503182429662075,144.0,0.0,210.47588780079937,1.913417161825449
2024-01-03 07:40,14.585885328944764,73.02163281690434,1012.9215468497971,10.82697828041526,13.134222500302199,152.0,0.0,232.44004395738474,2.1130913087034977
2024-01-03 07:50,14.475760673422394,72.77821798628945,1012.9028991224056,10.734167752911029,12.75045015633328,160.0,0.0,253.96173727926862,2.308743066175169
2024-01-03 08:00,14.365268942218997,72.53244363895601,1012.8843868381734,10.622313448026496,12.354528941539346,168.0,0.0,274.99999999999994,2.4999999999999996
2024-01-03 08:10,14.254495385818169,72.28443113995755,1012.8660122825443,10.491985808393649,11.949206718050597,176.0,0.0,295.51478459075304,2.686498041734118
2024-01-03 08:20,14.14352547214721,72.03430295956213,1012.8477777239585,10.343849488286192,11.537296595008037,184.0,0.0,315.46703999307545,2.867882181755231
2024-01-03 08:30,14.032444820633945,71.78218261277578,1012.8296854135729,10.17865996396783,11.121657404386012,192.0,0.0,334.81878595479634,3.043807145043603
2024-01-03 08:40,13.921339136146543,71.52819459834997,1012.8117375849831,9.997259680860108,11.294826140521366,200.0,0.0,353.5331853275966,3.2139380484326963
2024-01-03 08:50,13.810294142867527,71.27246433730313,1012.7939364539477,9.800573757178586,11.709263466241039,208.0,0.0,371.57461418861317,3.3779510380783018
2024-01-03 09:00,13.699395518152762,71.01511811098707,1012.7762842181146,9.589605265948459,12.118778200933981,216.0,0.0,388.90872965260115,3.5355339059327378
2024-01-03 09:10,13.588728826426697,70.75628299872824,1012.7587830567495,9.365430119460498,12.520528137642915,224.0,0.0,405.5025352455682,3.68638668405062
2024-01-03 09:20,13.47837945316464,70.49608681507517,1012.7414351304677,9.129191582256214,12.911724960421019,232.0,0.0,421.32444371543795,3.8302222155948904
2024-01-03 09:30,13.368432539013135,70.23465804668278,1012.7242425809663,8.882094440625057,13.289653596434057,240.0,0.0,436.34433716017935,3.9667667014561756
2024-01-03 09:40,13.258972914099278,69.97212578886473,1012.7072075307605,8.625398858348573,13.65169105972418,248.0,0.0,450.5336243589454,4.095760221444959
2024-01-03 09:50,13.150085032579534,69.70861968184532,1012.6903320829211,8.360413950026574,13.995324655851395,256.0,0.0,463.8652951970872,4.2169572290644295
2024-01-03 10:00,13.041852907478736,69.44426984674223,1012.6736183208155,8.088491104760202,14.318169421064837,264.0,0.0,476.31397208144125,4.330127018922193
2024-01-03 10:10,12.93436004586933,69.17920682131187,1012.6570683078498,7.8110170942406665,14.61798467496873,272.0,0.0,487.85595824802186,4.435054165891108
2024-01-03 10:20,12.827689384441108,68.91356149548886,1012.6406840872145,7.5294070003910925,14.892689571800137,280.0,0.0,498.4692828701575,4.531538935183249
2024-01-03 10:30,12.721923225510906,68.64746504675179,1012.624467681632,7.245096998629999,15.140377542386222,288.0,0.0,508.1337428812077,4.619397662556434
2024-01-03 10:40,12.61714317352186,68.3810488753468,1012.6084210931073,7.0404629664394625,15.359329526547722,296.0,0.0,516.8309414322496,4.698463103929542
2024-01-03 10:50,12.51343007208105,68.11444453940129,1012.59254630268,7.325816575561373,15.548025904109892,304.0,0.0,524.5443229115248,4.768584753741135
2024-01-03 11:00,12.41086394158415,67.84778368995956,1012.5768452701808,7.609508561868664,15.705157041714767,312.0,0.0,531.2592044589876,4.8296291314453415
2024-01-03 11:10,12.309523917475332,67.58119800597268,1012.5613199339888,7.890092132557908,15.829632382235415,320.0,0.0,536.9628039159634,4.881480035599667
2024-01-03 11:20,12.209488189189816,67.31481912927454,1012.5459722107926,8.166136347347239,15.920588013707583,328.0,0.0,541.6442641567145,4.924038765061041
2024-01-03 11:30,12.110833939826474,67.04877859957611,1012.530803995353,8.436233416088672,15.977392665247276,336.0,0.0,545.2946737555957,4.957224306869052
2024-01-03 11:40,12.01363728659672,66.78320778951036,1012.5158171602702,8.6990058783175,15.99965208834001,344.0,0.0,547.9070839504601,4.9809734904587275
2024-01-03 11:50,11.917973222095949,66.51823783975945,1012.5010135557517,8.953113628124312,15.98721179309368,352.0,0.0,549.4765218700218,4.995241107909289
